trial_name,KE
53_1,0.2
57_2,0.666666667
54_1,0.366666667
55_1,0.466666667
57_1,0.7
51_1,0
56_1,0.966666667
52_1,0